"","url","id","age","comments","enjoyment","education","language","gender","os","screenW","screenH","browser","botSentence","nFails","condition","totalRT","goal","intention1","intention2","knowledge","goalRT","intention1RT","intention2RT","knowledgeRT","causeRT","attention1RT","attention2RT","goalOrder","intention1Order","intention2Order","knowledgeOrder","attention1","attentionBlue","attentionPink","attentionOrange","causeBlue","causePink","causeOrange","causeB&P","causeP&O","causeB&O","causeAll","causeOther","causeBlue_norm","causePink_norm","causeOrange_norm","causeB&P_norm","causeP&O_norm","causeB&O_norm","causeAll_norm","causeOther_norm","min","flat","max"
"1","https://pcl-study3.github.io/?PROLIFIC_PID=5e7d3baff531b7000a386898&STUDY_ID=613ec9644bfa5935682b3edd&SESSION_ID=613f4099000c7590c07ed83b","5e7d3baff531b7000a386898",23,NA,1,4,"Portuguese","Female","Windows",1536,864,"Chrome","David says to Margaret: It's a beautiful day, isn't it?",0,"condition 2",3.92096666666666,1,1,1,1,3.806,5.448,6.052,11.761,61.214,28.485,13.798,4,3,2,1,3,1,1,0,1,7,3,7,3,3,3,1,0,0.3,0.1,0.3,0.1,0.1,0.1,0,1,FALSE,2.5
"2","https://pcl-study3.github.io/?PROLIFIC_PID=5feb8383c92395c7426c7e5a&STUDY_ID=613ec9644bfa5935682b3edd&SESSION_ID=613f42814b8441dacd0ca1db","5feb8383c92395c7426c7e5a",27,NA,1,4,"Dutch","Male","Windows",1920,1080,"Chrome","Michael says to Jessica: It's a beautiful day, isn't it?",0,"condition 1",3.00525,9,8,8,8,3.836,7.186,7.621,3.533,37.425,13.687,6.426,4,1,2,3,2,1,1,0,3,3,1,8,1,1,1,1,0.181818181818182,0.181818181818182,0,0.636363636363636,0,0,0,0,1,FALSE,1.375
"3","https://pcl-study3.github.io/?PROLIFIC_PID=5fe606b9a4feb0408054ab05&STUDY_ID=613ec9644bfa5935682b3edd&SESSION_ID=613f425abdf78a9440e1d7e6","5fe606b9a4feb0408054ab05",31,NA,2,3,"Italian","Female","Windows",1920,1080,"Firefox","Charles says to Mary: It's a beautiful day, isn't it?",0,"condition 2",4.38073333333333,1,1,1,1,4.808,5.591,13.598,3.312,100.566,18.456,11.255,4,2,1,3,2,1,1,0,5,8,2,8,2,2,5,1,0.16,0.28,0.04,0.28,0.04,0.04,0.16,0,1,FALSE,3.125
"4","https://pcl-study3.github.io/?PROLIFIC_PID=5f0186095d90242ca1c55bc1&STUDY_ID=613ec9644bfa5935682b3edd&SESSION_ID=613f42a71b230ead44ba6a74","5f0186095d90242ca1c55bc1",26,NA,1,4,"italian","Female","Windows",1280,720,"Chrome","James says to Jessica: It's a beautiful day, isn't it?",0,"condition 2",3.44206666666666,7,6,5,3,4.296,6.387,5.397,13.034,37.085,14.954,14.379,2,3,4,1,2,1,1,0,3,5,1,9,1,1,2,1,0.133333333333333,0.266666666666667,0,0.533333333333333,0,0,0.0666666666666667,0,1,FALSE,1.875
"5","https://pcl-study3.github.io/?PROLIFIC_PID=5b6c43c711503f0001584aa8&STUDY_ID=613ec9644bfa5935682b3edd&SESSION_ID=613f43fc8d88fd2bd6824552","5b6c43c711503f0001584aa8",27,NA,2,3,"English","Male","Windows",2560,1440,"Firefox","David says to Mary: It's a beautiful day, isn't it?",0,"condition 1",2.75803333333333,9,7,7,8,3.384,6.853,6.13,3.97,43.404,26.89,13.918,2,3,1,4,2,1,1,0,3,8,1,7,1,1,1,2,0.125,0.4375,0,0.375,0,0,0,0.0625,1,FALSE,2
"6","https://pcl-study3.github.io/?PROLIFIC_PID=5d42bb4951bca600195fe398&STUDY_ID=613ec9644bfa5935682b3edd&SESSION_ID=613f4628b24bb75d0dbe3840","5d42bb4951bca600195fe398",25,NA,1,-1,"Portuguese","Female","Windows",1920,1080,"Firefox","Thomas says to Sarah: It's a beautiful day, isn't it?",0,"condition 1",2.96103333333333,6,9,9,9,11.264,6.643,4.194,8.387,27.631,8.474,30.37,1,3,4,2,2,1,1,0,1,7,1,9,8,1,1,1,0,0.285714285714286,0,0.380952380952381,0.333333333333333,0,0,0,1,FALSE,2.625
"7","https://pcl-study3.github.io/?PROLIFIC_PID=5fb3d42dc5d76c000aedf11d&STUDY_ID=613ec9644bfa5935682b3edd&SESSION_ID=613f461c21d2e75903612d8e","5fb3d42dc5d76c000aedf11d",NA,"found it very interesting ,i would like to take part in more like this",2,-1,"Greek",NA,"Windows",1536,864,"Chrome","John says to Jessica: It's a beautiful day, isn't it?",0,"condition 1",3.8657,8,8,7,6,10.885,5.807,3.383,5.216,38.469,10.911,13.551,1,2,4,3,2,1,1,0,2,2,1,8,1,1,1,1,0.111111111111111,0.111111111111111,0,0.777777777777778,0,0,0,0,1,FALSE,1.125
"8","https://pcl-study3.github.io/?PROLIFIC_PID=5fca82bcef11056a49680e08&STUDY_ID=613ec9644bfa5935682b3edd&SESSION_ID=613f4613b90399f57eff19c2","5fca82bcef11056a49680e08",21,"I am not sure I understood the last question",1,3,"Greek","Male","Windows",1366,768,"Chrome","Robert says to Sarah: It's a beautiful day, isn't it?",2,"condition 2",5.1654,1,2,2,2,5.296,4.883,17.003,9.554,46.36,40.897,21.227,4,3,1,2,2,0,1,0,3,7,1,5,1,1,1,5,0.125,0.375,0,0.25,0,0,0,0.25,1,FALSE,2
"9","https://pcl-study3.github.io/?PROLIFIC_PID=59eb3f862f63d30001c8ffe5&STUDY_ID=613ec9644bfa5935682b3edd&SESSION_ID=613f46d5f65a86f0f05d43f3","59eb3f862f63d30001c8ffe5",36,NA,1,2,"English","Female","Windows",1920,1080,"Chrome","Joseph says to Jessica: It's a beautiful day, isn't it?",0,"condition 1",2.50056666666666,8,6,7,6,4.064,3.376,3.16,8.093,37.286,7.711,9.151,2,3,4,1,2,1,1,0,2,7,1,7,1,1,1,5,0.0588235294117647,0.352941176470588,0,0.352941176470588,0,0,0,0.235294117647059,1,FALSE,2.125
"10","https://pcl-study3.github.io/?PROLIFIC_PID=5d6e5f8d5b7b0c0001ee8954&STUDY_ID=613ec9644bfa5935682b3edd&SESSION_ID=613f4715fb2b3f39171553c1","5d6e5f8d5b7b0c0001ee8954",26,NA,1,0,"Italian","Male","Windows",1920,1080,"Chrome","James says to Jennifer: It's a beautiful day, isn't it?",0,"condition 2",3.2398,1,1,1,1,6.381,7.752,8.773,5.507,48.762,23.623,13.672,3,2,1,4,2,1,1,0,1,1,1,9,5,5,7,9,0,0,0,0.266666666666667,0.133333333333333,0.133333333333333,0.2,0.266666666666667,1,FALSE,3.75
"11","https://pcl-study3.github.io/?PROLIFIC_PID=5ee10f63a397864aba0bcc09&STUDY_ID=613ec9644bfa5935682b3edd&SESSION_ID=613f464f945df7b6040ac64d","5ee10f63a397864aba0bcc09",25,NA,2,3,"spanish","Female","Windows",1366,768,"Chrome","Charles says to Barbara: It's a beautiful day, isn't it?",1,"condition 2",6.70136666666666,7,7,5,5,16.943,13.508,7.143,6.29,63.612,28.718,25.193,2,1,3,4,2,1,1,0,7,8,2,8,2,2,3,2,0.277777777777778,0.333333333333333,0,0.333333333333333,0,0,0.0555555555555556,0,2,FALSE,2.57142857142857
"12","https://pcl-study3.github.io/?PROLIFIC_PID=6033cd721b87ed0f91bcc5d3&STUDY_ID=613ec9644bfa5935682b3edd&SESSION_ID=613f47ffdee5e984afe18b58","6033cd721b87ed0f91bcc5d3",28,NA,2,3,"Italian","Female","Windows",1536,864,"Chrome","Robert says to Jessica: It's a beautiful day, isn't it?",0,"condition 2",2.91875,7,5,1,5,11.23,4.178,5.197,6.194,53.336,11.732,7.56,1,4,2,3,2,1,1,0,9,9,1,9,1,1,1,1,0.333333333333333,0.333333333333333,0,0.333333333333333,0,0,0,0,1,FALSE,3
"13","https://pcl-study3.github.io/?PROLIFIC_PID=5f64ca3ee6c57f03e6b5dfe9&STUDY_ID=613ec9644bfa5935682b3edd&SESSION_ID=613f47bd86450ddecbb032aa","5f64ca3ee6c57f03e6b5dfe9",25,NA,1,6,"Portuguese","Male","Windows",1920,1080,"Chrome","David says to Margaret: It's a beautiful day, isn't it?",0,"condition 2",4.06066666666666,9,7,6,7,4.676,4.233,9.741,3.529,63.375,20.621,26.878,4,2,1,3,2,1,0,0,1,7,1,9,1,1,1,5,0,0.333333333333333,0,0.444444444444444,0,0,0,0.222222222222222,1,FALSE,2.25
"14","https://pcl-study3.github.io/?PROLIFIC_PID=5ed7db78f3a4120df3172eda&STUDY_ID=613ec9644bfa5935682b3edd&SESSION_ID=613f485ef6622d9ea72228fe","5ed7db78f3a4120df3172eda",20,NA,1,0,"Dutch","Female","Windows",1536,864,"Chrome","Charles says to Sarah: It's a beautiful day, isn't it?",0,"condition 2",3.16856666666666,9,7,7,6,12.687,7.406,6.328,9.738,34.004,21.855,15.513,1,3,2,4,2,1,1,0,5,5,1,9,1,1,1,3,0.222222222222222,0.222222222222222,0,0.444444444444444,0,0,0,0.111111111111111,1,FALSE,2.25
"15","https://pcl-study3.github.io/?PROLIFIC_PID=5ec4f05ae69a923fbbc9c1c5&STUDY_ID=613ec9644bfa5935682b3edd&SESSION_ID=613f48b1a6eb317bc4a7dc19","5ec4f05ae69a923fbbc9c1c5",30,NA,1,3,"English","Female","iPhone/iPod",414,896,"Safari","Richard says to Jennifer: It's a beautiful day, isn't it?",0,"condition 2",3.10821666666666,1,1,1,1,6.758,7.46,7.377,5.448,45.691,14.001,10.507,2,4,1,3,2,1,1,0,1,5,1,8,1,1,1,5,0,0.266666666666667,0,0.466666666666667,0,0,0,0.266666666666667,1,FALSE,1.875
"16","https://pcl-study3.github.io/?PROLIFIC_PID=59dce9305de9b000017ec078&STUDY_ID=613ec9644bfa5935682b3edd&SESSION_ID=613f48a64099d55a5a439e7a","59dce9305de9b000017ec078",25,NA,1,4,"German","Male","Windows",1920,1080,"Firefox","William says to Jessica: It's a beautiful day, isn't it?",1,"condition 1",3.66148333333333,7,9,7,5,7.769,11.661,16.242,6.331,49.229,13.446,9.302,3,1,4,2,2,1,1,0,1,8,1,8,1,1,1,5,0,0.388888888888889,0,0.388888888888889,0,0,0,0.222222222222222,1,FALSE,2.25
"17","https://pcl-study3.github.io/?PROLIFIC_PID=5e02204b2fc478db652b6466&STUDY_ID=613ec9644bfa5935682b3edd&SESSION_ID=613f4917d7d78efde5ec426e","5e02204b2fc478db652b6466",24,NA,1,3,"Greek","Male","Windows",1920,1080,"Chrome","Michael says to Linda: It's a beautiful day, isn't it?",0,"condition 2",3.20908333333333,8,8,8,5,4.368,4.263,7.02,9.096,24.786,16.095,17.687,3,4,1,2,2,1,1,0,2,8,1,9,1,1,1,5,0.05,0.35,0,0.4,0,0,0,0.2,1,FALSE,2.5
"18","https://pcl-study3.github.io/?PROLIFIC_PID=5d973e0cd7b8d8001806912c&STUDY_ID=613ec9644bfa5935682b3edd&SESSION_ID=613f48aae3f19ddd81d15922","5d973e0cd7b8d8001806912c",25,NA,2,0,"Italian","Female","Windows",1536,864,"Chrome","Robert says to Jennifer: It's a beautiful day, isn't it?",0,"condition 1",5.4341,9,9,9,8,4.504,9.415,9.237,5.304,50.649,10.902,10.654,3,2,1,4,2,1,1,0,1,1,1,9,1,1,1,2,0,0,0,0.888888888888889,0,0,0,0.111111111111111,1,FALSE,1.125
"19","https://pcl-study3.github.io/?PROLIFIC_PID=5e875ba361eddf08c463a2c3&STUDY_ID=613ec9644bfa5935682b3edd&SESSION_ID=613f490e76281f2257dbf628","5e875ba361eddf08c463a2c3",36,"I didn't realize what the second to last question was referring to. I forgot about the colored boxes lighting up. I thought of them as sticks or posts so I had no idea what was being asked and it seemed like an attention check with no right answer. I believe I answered rolling boxes. I thought it was a typo and meant rolling ball. I was paying attention during the video.",1,3,"English","Male","Windows",2560,1440,"Chrome","James says to Susan: It's a beautiful day, isn't it?",0,"condition 2",4.08603333333333,1,1,1,1,3.553,5.462,4.593,2.861,30.789,29.249,11.788,3,2,1,4,4,1,1,0,5,5,1,6,1,1,1,5,0.235294117647059,0.235294117647059,0,0.294117647058824,0,0,0,0.235294117647059,1,FALSE,2.125
"20","https://pcl-study3.github.io/?PROLIFIC_PID=5c9291ef94f7e600192fb080&STUDY_ID=613ec9644bfa5935682b3edd&SESSION_ID=613f491d06ca2a45229e6cd8","5c9291ef94f7e600192fb080",28,NA,1,3,"Polish","Female","iPhone/iPod",390,844,"Safari","Joseph says to Jessica: It's a beautiful day, isn't it?",0,"condition 1",3.93613333333333,9,9,7,5,10.734,6.475,7.22,5.685,46.494,10.646,31.925,3,2,1,4,1,1,1,0,5,5,1,9,3,5,3,3,0.153846153846154,0.153846153846154,0,0.307692307692308,0.0769230769230769,0.153846153846154,0.0769230769230769,0.0769230769230769,1,FALSE,3.25
"21","https://pcl-study3.github.io/?PROLIFIC_PID=5ece5c9337ddf22014ae19a1&STUDY_ID=613ec9644bfa5935682b3edd&SESSION_ID=613f49d681c04c755948078f","5ece5c9337ddf22014ae19a1",21,NA,1,0,"Polish","Male","Windows",1600,900,"Chrome","David says to Elizabeth: It's a beautiful day, isn't it?",0,"condition 1",3.02548333333333,9,9,8,9,2.291,3.214,3.347,7.678,11.43,7.641,6.069,4,3,2,1,2,1,1,0,1,1,1,9,1,1,1,1,0,0,0,1,0,0,0,0,1,FALSE,1
"22","https://pcl-study3.github.io/?PROLIFIC_PID=5f5fbe1a69134a0663a4d149&STUDY_ID=613ec9644bfa5935682b3edd&SESSION_ID=613f48f9ad1fbeb024b5ab04","5f5fbe1a69134a0663a4d149",21,NA,1,0,"English","Male","Windows",1366,768,"Chrome","William says to Jessica: It's a beautiful day, isn't it?",0,"condition 2",6.73581666666666,9,7,5,2,11.71,17.823,9.95,7.56,59.59,14.815,20.269,2,1,4,3,2,1,1,0,5,5,1,9,1,1,5,9,0.142857142857143,0.142857142857143,0,0.285714285714286,0,0,0.142857142857143,0.285714285714286,1,FALSE,3.5
"23","https://pcl-study3.github.io/?PROLIFIC_PID=5f2412b1efb8c522d5d5917b&STUDY_ID=613ec9644bfa5935682b3edd&SESSION_ID=613f4a53d4aec81110b75c8e","5f2412b1efb8c522d5d5917b",21,NA,1,3,"Dutch","Male","Windows",1920,1080,"Chrome","Michael says to Elizabeth: It's a beautiful day, isn't it?",0,"condition 2",2.31583333333333,3,2,2,1,10.719,4.206,5.83,4.296,28.9,9.705,6.755,1,3,2,4,2,1,1,0,6,6,1,5,1,1,1,1,0.357142857142857,0.357142857142857,0,0.285714285714286,0,0,0,0,1,FALSE,1.75
"24","https://pcl-study3.github.io/?PROLIFIC_PID=5bdefad2eb54a000012bef3d&STUDY_ID=613ec9644bfa5935682b3edd&SESSION_ID=613f4a8f08c2d92963702148","5bdefad2eb54a000012bef3d",29,NA,1,3,"English","Female","Windows",1920,1080,"Chrome","Robert says to Barbara: It's a beautiful day, isn't it?",0,"condition 2",2.64866666666666,2,3,2,3,5.523,5.337,6.38,8.351,29.483,10.999,11.272,4,2,3,1,2,1,1,0,1,7,1,7,1,1,1,1,0,0.5,0,0.5,0,0,0,0,1,FALSE,1.5
"25","https://pcl-study3.github.io/?PROLIFIC_PID=5b17e84168a5ed00017337bf&STUDY_ID=613ec9644bfa5935682b3edd&SESSION_ID=613f4ad654ab784c5a6250cf","5b17e84168a5ed00017337bf",24,NA,2,3,"English","Male","Windows",1536,864,"Chrome","Richard says to Margaret: It's a beautiful day, isn't it?",0,"condition 1",2.12051666666666,6,8,8,8,3.384,3.156,6.74,3.063,40.593,4.559,6.333,2,4,1,3,2,1,1,0,1,6,1,8,1,1,1,5,0,0.3125,0,0.4375,0,0,0,0.25,1,FALSE,2
"26","https://pcl-study3.github.io/?PROLIFIC_PID=5c6c6d2a61fc7d0001459508&STUDY_ID=613ec9644bfa5935682b3edd&SESSION_ID=613f4aab7b8e8d025e4da85b","5c6c6d2a61fc7d0001459508",33,NA,2,4,"Urdu","Male","Windows",1366,768,"Chrome","Thomas says to Sarah: It's a beautiful day, isn't it?",0,"condition 2",4.406,9,9,9,9,9.307,5.379,5.175,12.239,62.239,27.291,16.958,4,2,3,1,4,1,1,1,1,1,1,9,1,1,1,1,0,0,0,1,0,0,0,0,1,FALSE,1
"27","https://pcl-study3.github.io/?PROLIFIC_PID=5cc3aa67155841001c26c3f3&STUDY_ID=613ec9644bfa5935682b3edd&SESSION_ID=613f4b533be0b50bd6be9f94","5cc3aa67155841001c26c3f3",20,NA,2,0,"English","Male","Windows",1536,864,"Chrome","William says to Jessica: It's a beautiful day, isn't it?",0,"condition 2",3.10716666666666,7,8,8,3,5.381,10.428,3.09,5,58.061,20.461,19.763,2,1,4,3,2,0,1,0,3,4,1,9,4,3,6,5,0.0740740740740741,0.111111111111111,0,0.296296296296296,0.111111111111111,0.0740740740740741,0.185185185185185,0.148148148148148,1,FALSE,3.375
"28","https://pcl-study3.github.io/?PROLIFIC_PID=5fcf87bf9741b2060750c59c&STUDY_ID=613ec9644bfa5935682b3edd&SESSION_ID=613f4b25e3a377974e536cb8","5fcf87bf9741b2060750c59c",22,NA,1,0,"Italian","Male","Windows",1536,864,"Chrome","Charles says to Sarah: It's a beautiful day, isn't it?",0,"condition 2",3.98533333333333,3,2,2,2,3.984,4.126,3.952,15.754,45.936,23.493,12.869,3,2,4,1,2,1,1,0,3,6,1,9,1,1,1,3,0.117647058823529,0.294117647058824,0,0.470588235294118,0,0,0,0.117647058823529,1,FALSE,2.125
"29","https://pcl-study3.github.io/?PROLIFIC_PID=5a45342f66e7880001de53fd&STUDY_ID=613ec9644bfa5935682b3edd&SESSION_ID=613f4bca29879d48e23e4f4a","5a45342f66e7880001de53fd",23,NA,-1,3,"English","Female","Windows",1920,1080,"Chrome","Joseph says to Susan: It's a beautiful day, isn't it?",0,"condition 1",1.74628333333333,8,7,7,4,2.779,2.626,5.5,2.362,17.531,11.089,9.897,2,3,1,4,2,1,1,0,1,7,1,7,1,1,1,2,0,0.461538461538462,0,0.461538461538462,0,0,0,0.0769230769230769,1,FALSE,1.625
"30","https://pcl-study3.github.io/?PROLIFIC_PID=5fb240cff797087ba89f35e7&STUDY_ID=613ec9644bfa5935682b3edd&SESSION_ID=613f4b7982e9e4747f886d1f","5fb240cff797087ba89f35e7",23,NA,2,0,"Swedish","Male","Mac",1920,1080,"Chrome","William says to Barbara: It's a beautiful day, isn't it?",0,"condition 1",4.2143,8,8,9,8,7.547,9.867,7.932,17.967,50.497,12.361,13.156,4,3,2,1,2,1,1,0,1,4,1,9,1,1,1,4,0,0.214285714285714,0,0.571428571428571,0,0,0,0.214285714285714,1,FALSE,1.75
"31","https://pcl-study3.github.io/?PROLIFIC_PID=5e88bbc1cd23220008a323a1&STUDY_ID=613ec9644bfa5935682b3edd&SESSION_ID=613f4bd21fa62613aa38e3e5","5e88bbc1cd23220008a323a1",55,NA,2,4,"English","Male","Windows",1536,864,"Chrome","Charles says to Jennifer: It's a beautiful day, isn't it?",0,"condition 1",3.0036,8,8,7,5,4.28,3.044,4.019,13.954,35.241,22.63,9.561,3,4,2,1,2,1,1,0,1,5,1,8,1,1,1,1,0,0.363636363636364,0,0.636363636363636,0,0,0,0,1,FALSE,1.375
"32","https://pcl-study3.github.io/?PROLIFIC_PID=5c2c1e7810677f0001dcb7f8&STUDY_ID=613ec9644bfa5935682b3edd&SESSION_ID=613f4bd924eb0ae63342ab42","5c2c1e7810677f0001dcb7f8",32,NA,1,3,"English","Male","Windows",1920,1080,"Firefox","Robert says to Jessica: It's a beautiful day, isn't it?",0,"condition 2",3.0149,6,6,6,2,6.14,5.781,7.343,7.158,38.23,28.671,17.844,3,4,2,1,3,0,0,0,1,7,1,7,1,1,1,5,0,0.375,0,0.375,0,0,0,0.25,1,FALSE,2
"33","https://pcl-study3.github.io/?PROLIFIC_PID=5d6ed4068fa7f10001b13aee&STUDY_ID=613ec9644bfa5935682b3edd&SESSION_ID=613f4bd4b18b68fa05424023","5d6ed4068fa7f10001b13aee",21,NA,1,3,"English","Female","Windows",1366,768,"Chrome","Richard says to Jennifer: It's a beautiful day, isn't it?",0,"condition 2",2.66673333333333,1,2,2,1,3.963,5.279,7.597,6.628,39.906,16.092,12.314,3,4,2,1,2,1,1,0,6,8,1,8,1,1,1,5,0.217391304347826,0.304347826086957,0,0.304347826086957,0,0,0,0.173913043478261,1,FALSE,2.875
"34","https://pcl-study3.github.io/?PROLIFIC_PID=5f7f6143dc758b0fc54725f1&STUDY_ID=613ec9644bfa5935682b3edd&SESSION_ID=613f4c3ca91e969c37086680","5f7f6143dc758b0fc54725f1",18,NA,2,0,"English","Male","Windows",1920,1080,"Firefox","Thomas says to Jennifer: It's a beautiful day, isn't it?",0,"condition 1",2.38131666666666,8,8,5,2,3.288,6.79,4.213,6.391,30.127,6.606,7.294,2,1,4,3,2,1,1,0,1,8,1,8,1,1,1,1,0,0.5,0,0.5,0,0,0,0,1,FALSE,1.75
"35","https://pcl-study3.github.io/?PROLIFIC_PID=583862506be00b0001cf8506&STUDY_ID=613ec9644bfa5935682b3edd&SESSION_ID=613f4be892924b1514c9a9e3","583862506be00b0001cf8506",30,NA,1,1,"Englsih","Male","Windows",1536,864,"Chrome","Michael says to Patricia: It's a beautiful day, isn't it?",0,"condition 1",4.43915,8,7,8,6,3.471,5.336,8.46,6.687,49.459,12.501,10.742,4,3,1,2,2,1,1,0,2,2,1,9,4,5,6,5,0.0384615384615385,0.0384615384615385,0,0.307692307692308,0.115384615384615,0.153846153846154,0.192307692307692,0.153846153846154,1,FALSE,3.25
"36","https://pcl-study3.github.io/?PROLIFIC_PID=5cde9b84b5dcb500011d0a61&STUDY_ID=613ec9644bfa5935682b3edd&SESSION_ID=613f4cef2c68dc6980c4c7c4","5cde9b84b5dcb500011d0a61",29,NA,1,3,"English","Female","Windows",1366,768,"Chrome","Charles says to Susan: It's a beautiful day, isn't it?",0,"condition 1",2.58501666666666,3,8,9,3,4.705,7.065,11.102,6.878,46.647,9.41,6.675,4,2,1,3,2,1,1,0,8,6,1,7,1,1,1,3,0.35,0.25,0,0.3,0,0,0,0.1,1,FALSE,2.5
"37","https://pcl-study3.github.io/?PROLIFIC_PID=5e70d96882b5ce000a2a1b30&STUDY_ID=613ec9644bfa5935682b3edd&SESSION_ID=613f4cd43be0b50bd6be9fb9","5e70d96882b5ce000a2a1b30",NA,NA,1,-1,"Portuguese",NA,"Windows",1366,768,"Chrome","David says to Jennifer: It's a beautiful day, isn't it?",0,"condition 2",4.10831666666666,4,5,3,2,7.543,11.108,6.256,6,48.585,19.642,10.77,2,1,4,3,2,1,0,0,6,4,1,6,2,2,1,6,0.25,0.15,0,0.25,0.05,0.05,0,0.25,1,FALSE,2.5
"38","https://pcl-study3.github.io/?PROLIFIC_PID=5f6c7839792562011071c3d6&STUDY_ID=613ec9644bfa5935682b3edd&SESSION_ID=613f4cd8abcb83065e18c8c7","5f6c7839792562011071c3d6",19,NA,1,1,"Hungarian","Male","Windows",1920,1080,"Chrome","Joseph says to Elizabeth: It's a beautiful day, isn't it?",0,"condition 1",4.42733333333333,5,6,6,5,18.678,6.432,4.963,7.399,75.671,11.706,14.86,2,4,3,1,2,1,1,0,1,7,1,9,1,1,2,2,0,0.375,0,0.5,0,0,0.0625,0.0625,1,FALSE,2
"39","https://pcl-study3.github.io/?PROLIFIC_PID=5ca4cd57c63d4800173433f8&STUDY_ID=613ec9644bfa5935682b3edd&SESSION_ID=613f4d28735766c5b2b66617","5ca4cd57c63d4800173433f8",25,NA,1,4,"Portuguese","Male","Windows",1920,1080,"Chrome","James says to Margaret: It's a beautiful day, isn't it?",0,"condition 2",3.14188333333333,9,9,1,9,3.521,9.94,6.642,5.433,35.091,26.122,14.413,2,1,3,4,2,1,1,0,1,1,1,9,1,1,1,1,0,0,0,1,0,0,0,0,1,FALSE,1
"40","https://pcl-study3.github.io/?PROLIFIC_PID=5d0a96518dad180019fad34d&STUDY_ID=613ec9644bfa5935682b3edd&SESSION_ID=613f4d2efced347ad011b09e","5d0a96518dad180019fad34d",NA,NA,1,-1,"kurdish",NA,"Windows",1536,864,"Chrome","Charles says to Margaret: It's a beautiful day, isn't it?",0,"condition 2",3.75873333333333,3,6,1,3,9.208,5.239,12.188,12.272,47.977,19.189,16.718,2,3,1,4,3,0,1,0,5,5,1,9,1,1,1,5,0.2,0.2,0,0.4,0,0,0,0.2,1,FALSE,2.5
"41","https://pcl-study3.github.io/?PROLIFIC_PID=5c63f034571f930001eb232d&STUDY_ID=613ec9644bfa5935682b3edd&SESSION_ID=613f4c4817282cd9ed3e6701","5c63f034571f930001eb232d",37,"Curious experiment",1,4,"Polish","Male","Windows",1600,1200,"Chrome","Robert says to Jessica: It's a beautiful day, isn't it?",0,"condition 1",6.72665,8,8,8,8,42.881,5.716,16.367,8.276,73.664,40.739,45.181,1,4,2,3,2,1,1,0,5,5,1,9,1,1,1,1,0.25,0.25,0,0.5,0,0,0,0,1,FALSE,2
"42","https://pcl-study3.github.io/?PROLIFIC_PID=5ef0c2ab6a3a3d63d2bd1188&STUDY_ID=613ec9644bfa5935682b3edd&SESSION_ID=613f4cf22a7975468008a92c","5ef0c2ab6a3a3d63d2bd1188",46,NA,1,0,"English","Female","Mac",1440,900,"Chrome","Michael says to Mary: It's a beautiful day, isn't it?",0,"condition 2",4.92635,9,7,4,7,6.945,8.696,12.65,7.315,40.804,32.631,17.036,4,2,1,3,2,1,1,0,1,1,1,9,1,1,4,1,0,0,0,0.727272727272727,0,0,0.272727272727273,0,1,FALSE,1.375
"43","https://pcl-study3.github.io/?PROLIFIC_PID=5fbbbcecdc38cdd50ca5de38&STUDY_ID=613ec9644bfa5935682b3edd&SESSION_ID=613f4d45609f4893b3b238bd","5fbbbcecdc38cdd50ca5de38",19,NA,2,0,"Dutch","Male","Windows",1920,1080,"Firefox","Robert says to Mary: It's a beautiful day, isn't it?",0,"condition 2",3.78408333333333,1,2,3,1,3.095,4.241,11.274,3.117,42.587,16.024,11.069,4,2,1,3,2,1,0,0,3,8,1,7,1,1,1,1,0.133333333333333,0.466666666666667,0,0.4,0,0,0,0,1,FALSE,1.875
"44","https://pcl-study3.github.io/?PROLIFIC_PID=595e012a8b58be00012c3014&STUDY_ID=613ec9644bfa5935682b3edd&SESSION_ID=613f4da45e07c30f1ec847af","595e012a8b58be00012c3014",29,NA,1,1,"English","Female","Windows",1920,1080,"Chrome","Michael says to Linda: It's a beautiful day, isn't it?",0,"condition 2",2.39448333333333,5,4,4,3,4.014,4.496,7.881,3.183,40.052,12.145,7.679,2,3,1,4,2,1,1,0,3,3,3,9,4,4,3,8,0,0,0,0.461538461538462,0.0769230769230769,0.0769230769230769,0,0.384615384615385,3,FALSE,2.16666666666667
"45","https://pcl-study3.github.io/?PROLIFIC_PID=5e47c24de4317f27a1b10996&STUDY_ID=613ec9644bfa5935682b3edd&SESSION_ID=613f4e19c54a62c095829925","5e47c24de4317f27a1b10996",26,NA,1,4,"Greek","Male","Windows",1920,1080,"Firefox","Richard says to Margaret: It's a beautiful day, isn't it?",0,"condition 2",1.9607,1,1,1,2,2.803,4.275,5.826,2.651,23.902,6.906,7.657,3,2,1,4,2,1,1,0,5,5,1,9,3,1,1,5,0.181818181818182,0.181818181818182,0,0.363636363636364,0.0909090909090909,0,0,0.181818181818182,1,FALSE,2.75
"46","https://pcl-study3.github.io/?PROLIFIC_PID=59e94030c0d35a00012953e4&STUDY_ID=613ec9644bfa5935682b3edd&SESSION_ID=613f4e23f105700e655de679","59e94030c0d35a00012953e4",26,NA,2,3,"english","Female","Windows",1366,768,"Chrome","John says to Susan: It's a beautiful day, isn't it?",0,"condition 2",2.39773333333333,3,1,4,1,6.895,4.579,10.588,10.728,26.067,10.302,13.953,2,4,1,3,2,1,1,0,1,1,1,8,2,2,1,1,0,0,0,0.777777777777778,0.111111111111111,0.111111111111111,0,0,1,FALSE,1.125
"47","https://pcl-study3.github.io/?PROLIFIC_PID=5f4bec61a023e17daf234f7b&STUDY_ID=613ec9644bfa5935682b3edd&SESSION_ID=613f4e0e1a2a81023bf2cea5","5f4bec61a023e17daf234f7b",21,NA,1,0,"Portuguese","Female","Windows",1366,768,"Chrome","Thomas says to Susan: It's a beautiful day, isn't it?",0,"condition 1",3.38395,8,7,8,6,5.598,5.951,10.116,6.91,43.267,13.418,13.863,3,2,1,4,2,1,1,0,5,5,1,9,1,1,1,1,0.25,0.25,0,0.5,0,0,0,0,1,FALSE,2
"48","https://pcl-study3.github.io/?PROLIFIC_PID=5ffef14e3ca0be5afb38711e&STUDY_ID=613ec9644bfa5935682b3edd&SESSION_ID=613f4e51271e95570249c111","5ffef14e3ca0be5afb38711e",32,NA,2,0,"Dutch","Male","Windows",1280,1024,"Chrome","Joseph says to Sarah: It's a beautiful day, isn't it?",0,"condition 1",2.3975,9,9,9,9,3.238,3.678,5.886,4.356,29.046,10.376,10.237,4,3,1,2,2,1,1,0,1,1,1,9,1,1,1,1,0,0,0,1,0,0,0,0,1,FALSE,1
"49","https://pcl-study3.github.io/?PROLIFIC_PID=5e5aa95a6175cb295698fd11&STUDY_ID=613ec9644bfa5935682b3edd&SESSION_ID=613f4d991466c68c6b524628","5e5aa95a6175cb295698fd11",20,NA,1,0,"Åžlovenian","Male","Windows",1536,864,"Chrome","William says to Margaret: It's a beautiful day, isn't it?",0,"condition 1",5.29813333333333,9,7,7,8,7.947,17.159,7.365,8.576,47.361,25.157,25.196,3,1,2,4,2,0,1,0,6,9,1,8,1,1,1,1,0.25,0.4,0,0.35,0,0,0,0,1,FALSE,2.5
"50","https://pcl-study3.github.io/?PROLIFIC_PID=5d8cf1b927e8bc001743d360&STUDY_ID=613ec9644bfa5935682b3edd&SESSION_ID=613f4e9f005527ad501b8eba","5d8cf1b927e8bc001743d360",24,NA,2,4,"English","Male","Windows",1536,864,"Chrome","William says to Jessica: It's a beautiful day, isn't it?",0,"condition 2",2.60435,2,2,2,2,2.432,4.157,7.251,3.637,36.817,23.386,18.206,4,2,1,3,2,1,1,1,5,1,5,2,1,8,5,6,0.16,0,0.16,0.04,0,0.28,0.16,0.2,1,FALSE,3.125
"51","https://pcl-study3.github.io/?PROLIFIC_PID=5f655636c3359c0eeb3f37fa&STUDY_ID=613ec9644bfa5935682b3edd&SESSION_ID=613f4e7048bb74b2a4d59892","5f655636c3359c0eeb3f37fa",34,NA,2,3,"English","Female","Linux",424,895,"Chrome","Joseph says to Jennifer: It's a beautiful day, isn't it?",0,"condition 1",3.31998333333333,9,9,9,8,7.593,8.363,7.65,8.78,42.634,21.312,10.587,2,4,1,3,2,1,1,0,1,5,1,9,1,1,1,1,0,0.333333333333333,0,0.666666666666667,0,0,0,0,1,FALSE,1.5
"52","https://pcl-study3.github.io/?PROLIFIC_PID=5eb016456e883d0544f878a9&STUDY_ID=613ec9644bfa5935682b3edd&SESSION_ID=613f4d18f6ea0926d0fd033a","5eb016456e883d0544f878a9",NA,NA,1,0,"Portuguese","Male","Windows",1920,1080,"Chrome","Robert says to Jennifer: It's a beautiful day, isn't it?",0,"condition 1",9.32495,6,7,7,7,116.132,9.656,5.903,5.415,198.771,38.702,13.742,1,3,4,2,1,1,1,0,4,4,1,9,1,1,1,2,0.2,0.2,0,0.533333333333333,0,0,0,0.0666666666666667,1,FALSE,1.875
"53","https://pcl-study3.github.io/?PROLIFIC_PID=5eb1462eb1348f21ed9d0a59&STUDY_ID=613ec9644bfa5935682b3edd&SESSION_ID=613f4e599511feb8e7a2a277","5eb1462eb1348f21ed9d0a59",22,NA,1,3,"Portuguese","Male","Windows",1920,1080,"Chrome","Robert says to Jessica: It's a beautiful day, isn't it?",0,"condition 2",4.04346666666666,3,3,3,3,5.76,5.463,2.887,16.71,74.924,18.024,7.927,2,3,4,1,2,1,1,0,3,7,1,9,3,2,9,9,0.0571428571428571,0.171428571428571,0,0.228571428571429,0.0571428571428571,0.0285714285714286,0.228571428571429,0.228571428571429,1,FALSE,4.375
"54","https://pcl-study3.github.io/?PROLIFIC_PID=5c5f1e73ad90be00010286fe&STUDY_ID=613ec9644bfa5935682b3edd&SESSION_ID=613f4e70a8be0f185a72deb8","5c5f1e73ad90be00010286fe",24,NA,1,0,"Greek","Female","Windows",1536,864,"Chrome","Richard says to Elizabeth: It's a beautiful day, isn't it?",1,"condition 2",4.93378333333333,2,2,1,1,21.36,10.413,4.253,5.743,88.741,16.899,14.557,1,2,4,3,2,1,1,0,2,2,1,9,3,3,2,4,0.0555555555555556,0.0555555555555556,0,0.444444444444444,0.111111111111111,0.111111111111111,0.0555555555555556,0.166666666666667,1,FALSE,2.25
"55","https://pcl-study3.github.io/?PROLIFIC_PID=5c915492399a770001aece93&STUDY_ID=613ec9644bfa5935682b3edd&SESSION_ID=613f4f231fb3fbddbac9b759","5c915492399a770001aece93",24,NA,1,4,"English","Female","Mac",1440,900,"Safari","William says to Barbara: It's a beautiful day, isn't it?",0,"condition 2",2.48508333333333,3,5,3,3,4.677,12.557,6.826,3.621,36.883,10.85,7.338,3,1,2,4,2,1,1,0,4,7,1,8,1,1,1,4,0.157894736842105,0.315789473684211,0,0.368421052631579,0,0,0,0.157894736842105,1,FALSE,2.375
"56","https://pcl-study3.github.io/?PROLIFIC_PID=5ce3c8a6a4b1810001777ee3&STUDY_ID=613ec9644bfa5935682b3edd&SESSION_ID=613f4efc7933defc680ab130","5ce3c8a6a4b1810001777ee3",43,NA,1,4,"English",NA,"Mac",1440,900,"Chrome","John says to Linda: It's a beautiful day, isn't it?",0,"condition 1",3.11851666666666,9,9,9,5,12.717,11.819,4.091,7.595,47.363,11.529,18.483,1,2,3,4,2,1,1,0,1,5,1,5,1,1,1,5,0,0.333333333333333,0,0.333333333333333,0,0,0,0.333333333333333,1,FALSE,1.5
"57","https://pcl-study3.github.io/?PROLIFIC_PID=5e7f2d0c961fcd000c1ac3cb&STUDY_ID=613ec9644bfa5935682b3edd&SESSION_ID=613f4e8f2a7975468008a946","5e7f2d0c961fcd000c1ac3cb",26,"/",2,4,"Italian","Female","Mac",1440,900,"Chrome","Richard says to Jessica: It's a beautiful day, isn't it?",0,"condition 1",5.22245,6,7,6,6,3.321,4.823,2.907,42.221,40.242,24.557,22.559,3,2,4,1,3,0,1,0,5,9,1,8,1,1,1,1,0.210526315789474,0.421052631578947,0,0.368421052631579,0,0,0,0,1,FALSE,2.375
"58","https://pcl-study3.github.io/?PROLIFIC_PID=5fce6f593fe5f40869a51005&STUDY_ID=613ec9644bfa5935682b3edd&SESSION_ID=613f4e8ce921e5869d35edb3","5fce6f593fe5f40869a51005",19,"I liked this experiment",2,0,"Portuguese","Female","Windows",1536,864,"Chrome","James says to Jessica: It's a beautiful day, isn't it?",0,"condition 1",5.22166666666666,8,4,7,5,28.276,6.216,7.461,6.382,38.391,61.847,18.252,1,4,2,3,2,1,1,0,4,4,1,9,1,1,1,2,0.2,0.2,0,0.533333333333333,0,0,0,0.0666666666666667,1,FALSE,1.875
"59","https://pcl-study3.github.io/?PROLIFIC_PID=6009bcf80773f4000af14ee9&STUDY_ID=613ec9644bfa5935682b3edd&SESSION_ID=613f4edd735766c5b2b66638","6009bcf80773f4000af14ee9",23,"One issue I found was before starting the experiment, the bot-testing page with a setence appeared scrolled down so I could only see a textarea which made me think I had to input my prolific ID. When changing pages the page should be reset to the top.",1,3,"portuguese","Female","Windows",1440,900,"Chrome","John says to Jessica: It's a beautiful day, isn't it?",1,"condition 2",4.35903333333333,1,1,1,1,5.262,11.667,3.737,3.878,38.86,8.878,8.738,3,1,2,4,2,1,1,0,5,5,2,9,2,2,2,4,0.2,0.2,0,0.466666666666667,0,0,0,0.133333333333333,2,FALSE,2.14285714285714
"60","https://pcl-study3.github.io/?PROLIFIC_PID=5e653aa3be3f4d000af2d425&STUDY_ID=613ec9644bfa5935682b3edd&SESSION_ID=613f4f1bd5c67e0d4f5678b6","5e653aa3be3f4d000af2d425",20,NA,2,3,"English","Male","Windows",1280,720,"Chrome","David says to Linda: It's a beautiful day, isn't it?",0,"condition 2",3.83921666666666,5,5,5,5,19.05,4.446,3.726,4.114,52.124,35.771,13.331,1,4,2,3,3,0,1,0,6,6,2,7,3,3,4,5,0.2,0.2,0,0.25,0.05,0.05,0.1,0.15,2,FALSE,2.85714285714286
"61","https://pcl-study3.github.io/?PROLIFIC_PID=5b28d61252af8f000180ea84&STUDY_ID=613ec9644bfa5935682b3edd&SESSION_ID=613f4f6b2c1b761a5a5268a9","5b28d61252af8f000180ea84",27,NA,2,3,"lithuanian","Female","Windows",1366,768,"Chrome","Richard says to Linda: It's a beautiful day, isn't it?",0,"condition 1",3.02861666666666,8,9,9,9,7.862,9.052,6.091,6.79,35.904,15.536,9.886,1,2,4,3,2,1,0,0,9,1,1,5,1,2,3,1,0.533333333333333,0,0,0.266666666666667,0,0.0666666666666667,0.133333333333333,0,1,FALSE,1.875
"62","https://pcl-study3.github.io/?PROLIFIC_PID=5fbbadc0915137acd79475c6&STUDY_ID=613ec9644bfa5935682b3edd&SESSION_ID=613f4f098813caf612354cf3","5fbbadc0915137acd79475c6",23,NA,1,3,"Portuguese","Male","Windows",1536,864,"Chrome","Joseph says to Jennifer: It's a beautiful day, isn't it?",0,"condition 2",4.98505,9,9,9,1,6.836,8.347,20.384,7.975,46.917,15.937,42.285,2,3,1,4,3,1,1,0,1,1,1,9,1,1,1,9,0,0,0,0.5,0,0,0,0.5,1,FALSE,2
"63","https://pcl-study3.github.io/?PROLIFIC_PID=60197530194e72083ebeacc3&STUDY_ID=613ec9644bfa5935682b3edd&SESSION_ID=613f4f81588c1d9a31038b5b","60197530194e72083ebeacc3",21,NA,2,3,"italian","Female","Mac",1440,900,"Chrome","Charles says to Patricia: It's a beautiful day, isn't it?",0,"condition 2",3.5429,7,8,8,8,3.445,5.705,7.842,8.883,33.086,15.877,18.471,3,2,1,4,2,1,1,0,5,5,1,9,2,2,2,4,0.181818181818182,0.181818181818182,0,0.363636363636364,0.0454545454545455,0.0454545454545455,0.0454545454545455,0.136363636363636,1,FALSE,2.75
"64","https://pcl-study3.github.io/?PROLIFIC_PID=5c8e983f4bf1a6001282e3c0&STUDY_ID=613ec9644bfa5935682b3edd&SESSION_ID=613f4fb2b66b274e411f7a53","5c8e983f4bf1a6001282e3c0",35,"I tried to memorize so many things in the video, color of the pillars, forms on them, which one wasn't used. Was interestingly not at all questions about those. I hope I got it right haha",2,2,"french","Male","Linux",1920,1080,"Firefox","David says to Margaret: It's a beautiful day, isn't it?",0,"condition 1",3.32131666666666,8,3,3,2,4.229,6.207,9.738,5.43,27.558,11.128,7.749,3,4,1,2,2,1,1,0,1,5,1,8,1,1,1,1,0,0.363636363636364,0,0.636363636363636,0,0,0,0,1,FALSE,1.375
"65","https://pcl-study3.github.io/?PROLIFIC_PID=58e3a47a1a964e00019a565e&STUDY_ID=613ec9644bfa5935682b3edd&SESSION_ID=613f4f8b04e2ab7b0c277ab7","58e3a47a1a964e00019a565e",26,NA,2,4,"German","Male","Windows",1920,1080,"Chrome","James says to Margaret: It's a beautiful day, isn't it?",0,"condition 2",5.10458333333333,7,6,7,6,10.63,4.724,26.264,11.808,60.327,47.871,13.686,2,4,1,3,2,1,1,0,2,2,1,9,1,1,1,1,0.1,0.1,0,0.8,0,0,0,0,1,FALSE,1.25
"66","https://pcl-study3.github.io/?PROLIFIC_PID=5f997986843667054b8851a4&STUDY_ID=613ec9644bfa5935682b3edd&SESSION_ID=613f50443c3002eda2617ef0","5f997986843667054b8851a4",19,NA,1,0,"Portuguese","Male","Windows",1920,1080,"Firefox","David says to Jennifer: It's a beautiful day, isn't it?",0,"condition 2",2.42125,7,5,6,3,5.871,4.09,9.519,3.449,32.547,15.234,12.712,2,3,1,4,2,1,1,0,1,1,1,9,1,1,7,1,0,0,0,0.571428571428571,0,0,0.428571428571429,0,1,FALSE,1.75
"67","https://pcl-study3.github.io/?PROLIFIC_PID=5bf077d95fc1db0001305dd4&STUDY_ID=613ec9644bfa5935682b3edd&SESSION_ID=613f50053f72ffac985f35d6","5bf077d95fc1db0001305dd4",33,NA,-1,4,"Portuguese","Female","Mac",1280,800,"Chrome","Michael says to Elizabeth: It's a beautiful day, isn't it?",0,"condition 1",3.63746666666666,9,9,8,8,13.531,4.338,5.498,3.764,58.495,12.156,15.52,1,4,2,3,2,1,1,0,1,1,1,9,1,1,6,7,0,0,0,0.421052631578947,0,0,0.263157894736842,0.315789473684211,1,FALSE,2.375
"68","https://pcl-study3.github.io/?PROLIFIC_PID=5ee23b9d1d9dca301ad69187&STUDY_ID=613ec9644bfa5935682b3edd&SESSION_ID=613f4ff4a0e1f70d5b297990","5ee23b9d1d9dca301ad69187",19,NA,2,3,"portuguese","Male","Windows",1920,1080,"Firefox","Thomas says to Linda: It's a beautiful day, isn't it?",0,"condition 1",4.28845,9,4,7,4,8.284,3.956,4.068,7.943,55.906,17.429,9.366,1,3,4,2,2,1,1,0,8,7,1,7,1,1,1,1,0.368421052631579,0.315789473684211,0,0.315789473684211,0,0,0,0,1,FALSE,2.375
"69","https://pcl-study3.github.io/?PROLIFIC_PID=5b4de8bc995d4e0001092bcf&STUDY_ID=613ec9644bfa5935682b3edd&SESSION_ID=613f50490919a472c565eadd","5b4de8bc995d4e0001092bcf",25,NA,1,0,"Portuguese","Male","Windows",1920,1080,"Chrome","Thomas says to Mary: It's a beautiful day, isn't it?",0,"condition 1",2.94813333333333,8,8,7,7,2.744,6.927,20.536,4.687,31.462,21.879,13.74,4,3,1,2,3,1,1,0,1,8,1,9,1,1,1,1,0,0.466666666666667,0,0.533333333333333,0,0,0,0,1,FALSE,1.875
"70","https://pcl-study3.github.io/?PROLIFIC_PID=605cdc7d96c8b588e7730591&STUDY_ID=613ec9644bfa5935682b3edd&SESSION_ID=613f502a26de409a5edcb8c1","605cdc7d96c8b588e7730591",20,NA,1,0,"Polish","Male","Windows",1920,1080,"Chrome","William says to Mary: It's a beautiful day, isn't it?",0,"condition 2",3.81706666666666,2,2,2,1,16.065,5.601,4.015,3.973,24.745,9.806,9.936,1,3,2,4,2,1,1,0,3,3,1,8,1,1,5,1,0.133333333333333,0.133333333333333,0,0.466666666666667,0,0,0.266666666666667,0,1,FALSE,1.875
"71","https://pcl-study3.github.io/?PROLIFIC_PID=5ecc3485fc439a0e43c64545&STUDY_ID=613ec9644bfa5935682b3edd&SESSION_ID=613f4f46850694681187c1de","5ecc3485fc439a0e43c64545",23,NA,1,0,"Portuguese","Male","Windows",1536,864,"Firefox","Thomas says to Elizabeth: It's a beautiful day, isn't it?",0,"condition 1",3.42875,5,4,4,3,5.065,28.327,5.297,4.946,36.768,22.687,10.172,4,1,2,3,2,1,1,0,5,5,1,9,1,1,1,1,0.25,0.25,0,0.5,0,0,0,0,1,FALSE,2
"72","https://pcl-study3.github.io/?PROLIFIC_PID=6047a4bdec6c0e000928477c&STUDY_ID=613ec9644bfa5935682b3edd&SESSION_ID=613f5017271e95570249c12a","6047a4bdec6c0e000928477c",38,"I hope I've been helpful, Succes with the study!",2,0,"Dutch","Male","Windows",1920,1080,"Chrome","Thomas says to Barbara: It's a beautiful day, isn't it?",1,"condition 1",4.24231666666666,7,7,6,7,13.004,4.616,4.36,7.472,58.09,12.119,8.838,1,4,3,2,2,1,1,0,1,5,1,9,5,5,5,5,0,0.142857142857143,0,0.285714285714286,0.142857142857143,0.142857142857143,0.142857142857143,0.142857142857143,1,FALSE,3.5
"73","https://pcl-study3.github.io/?PROLIFIC_PID=5f0f1c7ff1db6e0683cda086&STUDY_ID=613ec9644bfa5935682b3edd&SESSION_ID=613f5038ef44c64397f47630","5f0f1c7ff1db6e0683cda086",24,NA,2,4,"English","Male","Windows",1920,1080,"Chrome","John says to Margaret: It's a beautiful day, isn't it?",0,"condition 2",4.41401666666666,6,5,8,1,20.429,10.832,5.456,4.48,40.908,23.815,10.327,1,3,2,4,2,1,1,0,9,9,1,9,1,1,1,6,0.275862068965517,0.275862068965517,0,0.275862068965517,0,0,0,0.172413793103448,1,FALSE,3.625
"74","https://pcl-study3.github.io/?PROLIFIC_PID=6036b9288dcc42c5b8b6d7d5&STUDY_ID=613ec9644bfa5935682b3edd&SESSION_ID=613f5055246caeda4f8f8da9","6036b9288dcc42c5b8b6d7d5",23,"Interesting experience, would love to know the answer",2,4,"Arabic","Male","Windows",1920,1080,"Chrome","David says to Jessica: It's a beautiful day, isn't it?",0,"condition 1",3.93628333333333,4,6,7,5,9.159,10.577,6.576,4.54,60.793,12.858,18.667,3,1,2,4,3,0,0,0,2,5,1,9,1,1,2,5,0.0555555555555556,0.222222222222222,0,0.444444444444444,0,0,0.0555555555555556,0.222222222222222,1,FALSE,2.25
"75","https://pcl-study3.github.io/?PROLIFIC_PID=5e1cd788dadbe004c8b632b7&STUDY_ID=613ec9644bfa5935682b3edd&SESSION_ID=613f488765f2eca7ba5484f3","5e1cd788dadbe004c8b632b7",25,NA,1,3,"somali","Male","Windows",1366,768,"Chrome","David says to Susan: It's a beautiful day, isn't it?",0,"condition 1",2.64816666666666,9,4,7,4,12.166,3.077,3.843,7.217,36.161,22.472,16.619,1,4,2,3,2,0,1,0,1,1,1,9,1,1,7,5,0,0,0,0.444444444444444,0,0,0.333333333333333,0.222222222222222,1,FALSE,2.25
"76","https://pcl-study3.github.io/?PROLIFIC_PID=5f28bace47c0fe000a46f8d2&STUDY_ID=613ec9644bfa5935682b3edd&SESSION_ID=613f505fcb97ce03e247f885","5f28bace47c0fe000a46f8d2",31,NA,1,3,"Mandarin","Male","Windows",1536,864,"Chrome","Thomas says to Jennifer: It's a beautiful day, isn't it?",0,"condition 2",4.05115,1,1,1,1,4.267,4.627,7.107,13.335,66.299,25.522,17.193,4,3,2,1,2,1,1,1,1,1,1,7,1,1,1,8,0,0,0,0.461538461538462,0,0,0,0.538461538461538,1,FALSE,1.625
"77","https://pcl-study3.github.io/?PROLIFIC_PID=5d02220e06bdad0019e46624&STUDY_ID=613ec9644bfa5935682b3edd&SESSION_ID=613f4eb61e1c40e5aadd2dcf","5d02220e06bdad0019e46624",48,NA,2,4,"Polish","Female","Windows",1260,709,"Chrome","David says to Sarah: It's a beautiful day, isn't it?",1,"condition 1",4.59598333333333,8,8,7,7,9.181,6.321,3.803,37.411,47.134,23.781,16.696,4,3,2,1,1,1,1,0,1,1,1,9,1,1,1,5,0,0,0,0.666666666666667,0,0,0,0.333333333333333,1,FALSE,1.5
"78","https://pcl-study3.github.io/?PROLIFIC_PID=594fa525f61b8e00016af178&STUDY_ID=613ec9644bfa5935682b3edd&SESSION_ID=613f4ff6034f14499fa31b51","594fa525f61b8e00016af178",35,NA,1,4,"Chinese","Female","Windows",1024,576,"Chrome","Joseph says to Margaret: It's a beautiful day, isn't it?",1,"condition 2",5.90071666666666,4,5,5,5,6.908,5.487,8.135,11.717,79.438,20.195,20.429,4,3,2,1,4,1,1,0,5,5,1,9,1,1,1,5,0.2,0.2,0,0.4,0,0,0,0.2,1,FALSE,2.5
"79","https://pcl-study3.github.io/?PROLIFIC_PID=6102b285f9a885c5e5f7d423&STUDY_ID=613ec9644bfa5935682b3edd&SESSION_ID=613f50c38222c429968752d3","6102b285f9a885c5e5f7d423",25,NA,2,4,"Polish","Female","Windows",1366,768,"Chrome","David says to Patricia: It's a beautiful day, isn't it?",0,"condition 2",2.49516666666666,4,4,4,5,2.724,3.262,2.747,10.344,47.108,15.363,6.178,2,3,4,1,2,1,1,0,5,5,1,7,1,1,1,9,0.181818181818182,0.181818181818182,0,0.272727272727273,0,0,0,0.363636363636364,1,FALSE,2.75
"80","https://pcl-study3.github.io/?PROLIFIC_PID=6002a94432b8321f701bdfed&STUDY_ID=613ec9644bfa5935682b3edd&SESSION_ID=613f508d867a684cce7c8d43","6002a94432b8321f701bdfed",23,NA,1,4,"italian","Female","Windows",1536,864,"Chrome","Robert says to Elizabeth: It's a beautiful day, isn't it?",1,"condition 2",3.56463333333333,3,3,8,1,7.124,4.342,5.026,12.115,39.91,12.446,14.181,2,3,4,1,2,1,1,0,2,2,1,9,1,1,7,5,0.05,0.05,0,0.4,0,0,0.3,0.2,1,FALSE,2.5
"81","https://pcl-study3.github.io/?PROLIFIC_PID=5f3e39e393aab3000b299e73&STUDY_ID=613ec9644bfa5935682b3edd&SESSION_ID=613f503dd115fc0f309a1600","5f3e39e393aab3000b299e73",30,NA,1,4,"portuguese","Male","Windows",1920,1080,"Chrome","Richard says to Barbara: It's a beautiful day, isn't it?",0,"condition 2",5.04936666666666,3,7,5,5,16.145,5.835,9.969,6.697,91.733,14.985,18.281,1,2,3,4,2,1,1,0,1,1,1,1,1,1,9,1,0,0,0,0,0,0,1,0,1,FALSE,1
"82","https://pcl-study3.github.io/?PROLIFIC_PID=577c065c9fecfe0001a5bcc7&STUDY_ID=613ec9644bfa5935682b3edd&SESSION_ID=613f5107b28aeb62f1e0f182","577c065c9fecfe0001a5bcc7",22,NA,1,3,"english","Female","Windows",1280,720,"Chrome","Thomas says to Mary: It's a beautiful day, isn't it?",0,"condition 1",2.30061666666666,9,6,6,6,13.175,6.686,3.354,2.755,18.66,22.043,8.311,1,2,3,4,2,0,1,0,1,5,1,5,1,1,1,1,0,0.5,0,0.5,0,0,0,0,1,FALSE,1
"83","https://pcl-study3.github.io/?PROLIFIC_PID=5c010682a6fe3500016ac426&STUDY_ID=613ec9644bfa5935682b3edd&SESSION_ID=613f50457c3fdca6babc7c8c","5c010682a6fe3500016ac426",25,"All worked perfectly, good luck with your research!",1,4,"English","Male","Windows",1536,864,"Chrome","Joseph says to Patricia: It's a beautiful day, isn't it?",0,"condition 1",6.00303333333333,9,8,8,7,9.525,3.032,4.055,5.983,57.478,20.47,81.743,1,3,4,2,2,0,1,0,5,1,1,9,1,1,2,1,0.307692307692308,0,0,0.615384615384615,0,0,0.0769230769230769,0,1,FALSE,1.625
"84","https://pcl-study3.github.io/?PROLIFIC_PID=5f4be34b3300ce0a6883cabe&STUDY_ID=613ec9644bfa5935682b3edd&SESSION_ID=613f50a0824b786127d35e3b","5f4be34b3300ce0a6883cabe",28,NA,2,1,"English","Male","iPhone/iPod",375,667,"Safari","Robert says to Linda: It's a beautiful day, isn't it?",0,"condition 1",3.73165,9,8,9,6,9.25,8.482,7.499,7.383,54.158,13.394,13.7,1,3,2,4,2,1,1,0,1,1,1,9,1,1,1,1,0,0,0,1,0,0,0,0,1,FALSE,1
"85","https://pcl-study3.github.io/?PROLIFIC_PID=5b79e5c6ba84e4000153dfcf&STUDY_ID=613ec9644bfa5935682b3edd&SESSION_ID=613f50f6cf19535f0fb6a6a6","5b79e5c6ba84e4000153dfcf",21,NA,1,3,"Portuguese","Female","Windows",1366,768,"Chrome","James says to Barbara: It's a beautiful day, isn't it?",0,"condition 1",3.14035,8,8,9,7,4.74,6.728,4.772,25.264,37.849,9.932,17.954,4,3,2,1,2,0,1,0,1,7,1,7,1,1,5,1,0,0.375,0,0.375,0,0,0.25,0,1,FALSE,2
"86","https://pcl-study3.github.io/?PROLIFIC_PID=5a78cfb8ae9a0b0001a97164&STUDY_ID=613ec9644bfa5935682b3edd&SESSION_ID=613f50beff1f726909245d91","5a78cfb8ae9a0b0001a97164",44,NA,1,5,"Spanish","Male","Windows",1920,1080,"Firefox","Richard says to Margaret: It's a beautiful day, isn't it?",0,"condition 1",4.1534,9,9,8,7,15.165,8.143,4.911,12.727,53.404,34.303,23.822,1,2,4,3,2,1,1,0,1,7,1,7,1,1,1,1,0,0.5,0,0.5,0,0,0,0,1,FALSE,1.5
"87","https://pcl-study3.github.io/?PROLIFIC_PID=5e54068a29be90034f6e8649&STUDY_ID=613ec9644bfa5935682b3edd&SESSION_ID=613f51112ccc79156aebb56b","5e54068a29be90034f6e8649",33,NA,1,3,"Greek","Male","Windows",1920,1080,"Chrome","Robert says to Margaret: It's a beautiful day, isn't it?",0,"condition 1",2.63585,5,7,4,3,3.408,27.117,5.207,5.024,33.811,11.519,11.751,3,1,4,2,2,1,1,0,1,5,1,7,1,1,1,5,0,0.285714285714286,0,0.428571428571429,0,0,0,0.285714285714286,1,FALSE,1.75
"88","https://pcl-study3.github.io/?PROLIFIC_PID=5e01e77fff28a8d7b7d3bc37&STUDY_ID=613ec9644bfa5935682b3edd&SESSION_ID=613f510ccacf0640703af06e","5e01e77fff28a8d7b7d3bc37",33,"some direction on what to watch for specifically would have helped",0,4,"english","Female","Mac",1680,1050,"Safari","Michael says to Margaret: It's a beautiful day, isn't it?",0,"condition 2",4.02718333333333,7,5,7,7,17.968,14.858,7.223,5.136,40.699,13.39,8.773,4,1,2,3,2,1,1,1,3,3,3,5,6,5,9,9,0,0,0,0.105263157894737,0.157894736842105,0.105263157894737,0.315789473684211,0.315789473684211,3,FALSE,3.16666666666667
"89","https://pcl-study3.github.io/?PROLIFIC_PID=5e9c78c6ac6519033e3b929f&STUDY_ID=613ec9644bfa5935682b3edd&SESSION_ID=613f50e6b57afcf2397328d8","5e9c78c6ac6519033e3b929f",22,NA,1,1,"Greek","Male","Linux",601,962,"Chrome","Thomas says to Barbara: It's a beautiful day, isn't it?",0,"condition 2",5.16653333333333,6,7,5,1,7.865,12.543,8.901,7.285,78.874,28.178,9.209,3,2,1,4,2,1,1,0,5,5,5,5,5,5,5,5,0,0,0,0,0,0,0,0,5,TRUE,1
"90","https://pcl-study3.github.io/?PROLIFIC_PID=5f3e811d14cf8e0a19f88ccc&STUDY_ID=613ec9644bfa5935682b3edd&SESSION_ID=613f4dd78f61a78df6ae5219","5f3e811d14cf8e0a19f88ccc",30,NA,1,1,"Sweden","Male","Windows",1920,1080,"Firefox","Thomas says to Susan: It's a beautiful day, isn't it?",0,"condition 1",18.5660833333333,8,9,9,5,29.959,3.523,11.653,6.93,48.063,13.511,10.358,4,2,1,3,2,1,1,0,6,6,1,9,1,1,1,1,0.277777777777778,0.277777777777778,0,0.444444444444444,0,0,0,0,1,FALSE,2.25
"91","https://pcl-study3.github.io/?PROLIFIC_PID=5fcfe4545aaa21191399943d&STUDY_ID=613ec9644bfa5935682b3edd&SESSION_ID=613f4ff4553aab193844545f","5fcfe4545aaa21191399943d",19,"I was annoyes when he did not press the last box",1,3,"Polish","Female","Windows",1368,912,"Chrome","Joseph says to Jessica: It's a beautiful day, isn't it?",1,"condition 1",9.56781666666666,9,9,9,7,5.898,15.56,4.858,6.537,43.682,10.818,11.616,2,1,3,4,2,1,1,0,4,9,1,7,1,1,3,9,0.111111111111111,0.296296296296296,0,0.222222222222222,0,0,0.0740740740740741,0.296296296296296,1,FALSE,3.375
"92","https://pcl-study3.github.io/?PROLIFIC_PID=610b1762aa8d0fbb1e03b811&STUDY_ID=613ec9644bfa5935682b3edd&SESSION_ID=613f5109d2625bf93a760755","610b1762aa8d0fbb1e03b811",21,NA,2,0,"Isixhosa","Female","Windows",1366,768,"Chrome","Charles says to Mary: It's a beautiful day, isn't it?",0,"condition 2",5.08831666666666,5,8,1,3,6.994,12.436,5.605,20.198,80.584,34.013,25.082,3,2,4,1,4,0,1,0,1,1,1,9,5,4,7,8,0,0,0,0.285714285714286,0.142857142857143,0.107142857142857,0.214285714285714,0.25,1,FALSE,3.5
"93","https://pcl-study3.github.io/?PROLIFIC_PID=5e83e235d276ef14000aebab&STUDY_ID=613ec9644bfa5935682b3edd&SESSION_ID=613f510e27b2b57e83b9b805","5e83e235d276ef14000aebab",23,"the link was kind of broken it took a long time to load",1,3,"english","Female","Windows",1280,720,"Chrome","James says to Linda: It's a beautiful day, isn't it?",0,"condition 2",1.99795,1,2,2,3,5.053,9.025,2.744,5.726,14.853,16.346,6.125,2,1,4,3,2,1,1,0,1,1,1,9,1,1,4,1,0,0,0,0.727272727272727,0,0,0.272727272727273,0,1,FALSE,1.375
"94","https://pcl-study3.github.io/?PROLIFIC_PID=5f7e22474228ca0cce921779&STUDY_ID=613ec9644bfa5935682b3edd&SESSION_ID=613f5969aaa4f6a222283ccf","5f7e22474228ca0cce921779",20,NA,1,0,"Croatian","Female","Windows",1366,768,"Chrome","John says to Jessica: It's a beautiful day, isn't it?",1,"condition 1",4.98211666666666,8,4,4,5,4.996,27.829,7.976,17.24,53.923,11.315,38.191,4,1,3,2,2,1,1,0,5,5,1,9,1,1,1,3,0.222222222222222,0.222222222222222,0,0.444444444444444,0,0,0,0.111111111111111,1,FALSE,2.25
"95","https://pcl-study3.github.io/?PROLIFIC_PID=60e01c73ff37ad9b65749803&STUDY_ID=613ec9644bfa5935682b3edd&SESSION_ID=613f5a310c925d67133f2c10","60e01c73ff37ad9b65749803",23,"just enjoyed the study. thank you",1,3,"Sepedi","Female","Windows",1536,864,"Chrome","Joseph says to Jennifer: It's a beautiful day, isn't it?",0,"condition 2",7.31528333333333,8,8,7,6,8.264,33.907,14.385,10.223,94.829,39.777,24.632,4,1,3,2,2,0,1,0,1,1,1,9,3,1,9,9,0,0,0,0.307692307692308,0.0769230769230769,0,0.307692307692308,0.307692307692308,1,FALSE,3.25
"96","https://pcl-study3.github.io/?PROLIFIC_PID=6107adb5bb9d83f0f2a2b05a&STUDY_ID=613ec9644bfa5935682b3edd&SESSION_ID=613f59694fd93a5103545a5b","6107adb5bb9d83f0f2a2b05a",21,NA,1,0,"latvian","Female","Windows",1920,1080,"Chrome","Michael says to Barbara: It's a beautiful day, isn't it?",0,"condition 2",4.88563333333333,7,6,6,4,5.64,7.961,13.663,6.42,95.108,27.763,16.479,2,3,1,4,2,1,1,0,5,5,3,9,4,2,7,8,0.111111111111111,0.111111111111111,0.037037037037037,0.259259259259259,0.0740740740740741,0,0.185185185185185,0.222222222222222,2,FALSE,3.85714285714286
"97","https://pcl-study3.github.io/?PROLIFIC_PID=5d13739ce001640015f40d7f&STUDY_ID=613ec9644bfa5935682b3edd&SESSION_ID=613f5cec4533974579901604","5d13739ce001640015f40d7f",24,NA,2,4,"Czech","Male","Windows",1920,1080,"Chrome","Richard says to Patricia: It's a beautiful day, isn't it?",0,"condition 1",3.70908333333333,9,8,8,7,3.335,10.046,3.322,3.199,44.2,24.163,17.826,4,1,2,3,2,1,0,0,1,8,5,9,2,3,4,5,0,0.241379310344828,0.137931034482759,0.275862068965517,0.0344827586206897,0.0689655172413793,0.103448275862069,0.137931034482759,1,FALSE,3.625
